date,temperature,rainfall,humidity,solar_radiation,is_forecast
2023-11-21,21.084650544765502,7.475158343751933,63.362176831425636,204.37015553822394,False
2023-11-22,18.32778234971059,0.0,53.977101953746924,213.98576216281515,False
2023-11-23,15.309880152360314,0.0,63.73811753901687,228.00816805542303,False
2023-11-24,16.874018363456088,0.0,83.09054959765085,177.97358870088655,False
2023-11-25,20.415061701619827,0.0,60.11125138712667,233.3663284470411,False
2023-11-26,16.64152282721327,0.0,73.09123749089729,222.67542683947912,False
2023-11-27,17.663769639457247,0.0,75.15006078199855,217.34793625709696,False
2023-11-28,15.10396660959024,7.622163722846565,51.57586084082705,220.97612397771223,False
2023-11-29,13.571640399136243,0.0,53.66310907862022,232.8256363952114,False
2023-11-30,19.361995134252933,0.0,74.41606778655319,244.276591584751,False
2023-12-01,12.238162375720211,0.0,77.80338709176915,169.23858338769816,False
2023-12-02,15.435550999708967,0.0,81.74586862251296,209.4628862077375,False
2023-12-03,12.379738225663035,9.960987498445085,69.1987275378744,217.65042306761993,False
2023-12-04,9.954074589166144,0.0,68.95038675152782,243.85121259779447,False
2023-12-05,17.824812144730085,4.076469166154087,74.99257379822907,242.18488203555077,False
2023-12-06,14.215571212368117,0.0,74.85213461857128,255.3381612622261,False
2023-12-07,12.605879455764553,0.0,81.9855322278069,220.25366594486815,False
2023-12-08,9.313637846465157,4.00086164924662,88.79129031138079,274.97808507819934,False
2023-12-09,8.783396960029672,0.0,70.58296586014767,224.8051314746865,False
2023-12-10,17.225946843897624,0.0,88.10026869133718,242.7881574180376,False
2023-12-11,15.545345377608932,0.0,72.80605102457662,246.36238592218723,False
2023-12-12,15.672876081701046,0.0,78.32947484052195,274.7258923009875,False
2023-12-13,9.890512871450259,0.0,82.41874878352425,238.72944388325476,False
2023-12-14,10.138223592633478,0.0,79.62206115256424,252.1608627450773,False
2023-12-15,10.106090168680417,4.106292141608262,61.251641665963696,246.06731112130927,False
2023-12-16,19.53420144404634,0.0,77.6575249933579,253.8897731327774,False
2023-12-17,11.194790635523887,0.0,64.7301379598533,246.45077033861742,False
2023-12-18,13.707058525488245,5.29277742814039,74.05466852388905,272.94185012243304,False
2023-12-19,10.667639810257798,0.0,67.34868179217365,290.14595017900086,False
2023-12-20,14.945245569158205,0.0,92.11508680317574,259.996224155867,False
2023-12-21,18.154707690877462,0.0,69.648375937935,311.88397009917213,False
2023-12-22,9.861086573549125,0.0,85.06347780014671,290.1328159874649,False
2023-12-23,14.55570102968414,0.0,83.35164234928703,271.84431350174094,False
2023-12-24,14.995854207379892,0.0,84.51159388951999,263.23396677731324,False
2023-12-25,15.050487827419868,0.0,84.47027297853623,310.4315486786626,False
2023-12-26,17.235693317559086,0.0,73.5611080107552,301.0437729847958,False
2023-12-27,14.307303750388407,0.0,86.46936446167896,270.08615533096895,False
2023-12-28,12.06031243404476,7.324061472547449,59.561091099848966,283.24495997527754,False
2023-12-29,14.992250635232416,0.0,73.96325140843258,282.14728055932767,False
2023-12-30,14.898954164063896,0.0,69.9198579209121,290.74342238569756,False
2023-12-31,14.960772370403634,0.0,69.09715464040092,304.37502935532086,False
2024-01-01,17.85286262482376,3.9916132455565037,62.939890565427255,293.46994015955346,False
2024-01-02,9.257432764780374,0.0,88.0407136224076,329.3910830147604,False
2024-01-03,9.00083472221923,0.0,65.78004167881224,306.4321827454171,False
2024-01-04,14.556637239294796,0.0,78.53708687889954,330.0230534577116,False
2024-01-05,15.651065118303729,0.0,75.84782788677443,326.43616550884747,False
2024-01-06,10.740584468792223,0.0,78.47095903504842,316.3159173751262,False
2024-01-07,10.250404264099448,0.0,82.32347936043628,327.64746118030484,False
2024-01-08,18.645983234019813,0.0,73.08390194575684,320.89429390533087,False
2024-01-09,9.608035568167786,0.0,70.23880714930509,290.79470431828133,False
2024-01-10,12.686197001221787,0.0,81.76004662920384,286.3819269245912,False
2024-01-11,14.104172291114486,0.0,68.48902426226478,287.7092286149695,False
2024-01-12,15.181988906551478,0.0,63.83843678658145,283.82737790458077,False
2024-01-13,8.002530026179404,3.9912244619410857,81.68184654166168,308.64928258281924,False
2024-01-14,15.678486663242717,3.6170819428506804,73.95660424094032,280.7567470934239,False
2024-01-15,16.785671977681165,0.0,60.71988206876958,313.7117451583565,False
2024-01-16,20.94995170722025,0.0,58.032351475227046,324.1723438639851,False
2024-01-17,16.99301799807486,0.0,83.97614935059414,320.70845408753326,False
2024-01-18,20.225430823000845,0.0,66.69759263190201,326.9788596714042,False
2024-01-19,11.517991597038385,0.0,78.3914806696218,323.70133007210535,False
2024-01-20,12.110797543703868,3.134453755965407,76.27717170381094,342.1455669674768,False
2024-01-21,7.428970870154073,0.0,66.90381881862986,324.37082115519496,False
2024-01-22,13.162794624723514,0.0,84.72245254539573,337.8466632992607,False
2024-01-23,15.525804892712529,0.0,63.291808275481195,271.65296369097075,False
2024-01-24,14.117920899730183,3.063657566386526,69.30792623910729,341.0834476604272,False
2024-01-25,17.307160178605066,0.0,74.2394059838288,315.37593832222467,False
2024-01-26,11.05757415630695,0.0,68.77467007897907,343.88233218246563,False
2024-01-27,10.47743405590839,0.0,86.51775065086788,338.4905425542823,False
2024-01-28,10.873639080475026,3.159984028365123,81.8599392891374,357.8750867387799,False
2024-01-29,11.246260102499472,5.939319805639974,74.10486704668386,332.2605187069399,False
2024-01-30,12.401044383530575,0.0,51.389202529434684,348.1706582035853,False
2024-01-31,8.445424379518144,0.0,83.95535593925256,380.66910813316326,False
2024-02-01,18.096488643140194,0.0,68.19955097863695,342.56751997374425,False
2024-02-02,15.679254876872486,0.0,75.41355989097055,357.8862033752276,False
2024-02-03,11.161831228255995,2.976984996438803,83.13614028463444,335.9682153260599,False
2024-02-04,10.358735575708122,0.0,67.41251284134579,384.9228197431521,False
2024-02-05,13.042699321817363,0.0,63.246052150662926,343.2341329151908,False
2024-02-06,10.249279181779308,0.0,63.974676490645656,400.0,False
2024-02-07,9.705453924807747,0.0,86.1536277615976,368.0837814547637,False
2024-02-08,12.614597251560467,0.0,69.59921133998863,399.1226677410016,False
2024-02-09,7.911626436415394,0.0,89.857431620949,322.18042995296963,False
2024-02-10,11.352050576097444,0.0,72.92783891275978,317.93270656537595,False
2024-02-11,13.083485312177897,0.0,66.81585343751578,361.732820813501,False
2024-02-12,9.366333543766268,0.0,85.44996411125122,370.20571622554866,False
2024-02-13,21.663868044418148,2.641318853343411,71.11076117787486,341.01454083472356,False
2024-02-14,14.84173176553849,0.0,70.02798640996131,343.35351877569366,False
2024-02-15,11.203047642967519,4.585222050071852,64.62095912200228,283.39834656574124,False
2024-02-16,11.64025117182699,0.0,72.23648328011039,370.20319334041534,False
2024-02-17,17.86465752631258,3.8859611800473264,79.65805134895533,348.5807626547908,False
2024-02-18,15.240965005346363,0.0,76.84527214097292,342.47341932756535,False
2024-02-19,14.665660199399412,2.328524368243994,71.34969451835963,358.2293421213918,False
2024-02-20,16.437345596041716,0.0,69.31664227643863,338.32858688955105,False
2024-02-21,14.070584390072188,0.0,77.14626057802523,328.8184423568605,False
2024-02-22,12.4034184836542,0.0,71.66756498229132,361.44439393110815,False
2024-02-23,12.500909757052892,0.0,74.02076240420034,335.30777453692286,False
2024-02-24,15.78827005697511,0.0,70.40696947516874,369.2768351679489,False
2024-02-25,15.247833649778634,0.0,71.25780182704557,339.7431803301183,False
2024-02-26,9.517496648723032,0.0,72.85321589820565,343.23994661468345,False
2024-02-27,13.655353943244146,4.208951583691354,68.02279279693842,353.4740394416985,False
2024-02-28,8.226643634531067,0.0,68.34018803942664,372.3848911672583,False
2024-02-29,18.750322785782014,0.0,68.53386258320883,308.8479537344557,False
2024-03-01,20.058059856211685,0.0,78.72579264785489,330.722790102287,False
2024-03-02,21.43881494702572,0.0,72.90189078287801,367.06467556010034,False
2024-03-03,18.706475433085192,0.0,71.41525064824418,321.9940044687958,False
2024-03-04,13.996574781170176,0.0,67.95866796363221,349.12694158113004,False
2024-03-05,14.195993065223176,0.0,65.5116286610158,361.61811825032726,False
2024-03-06,16.017815986269813,0.0,63.13036469061604,319.18327247264665,False
2024-03-07,22.497895880180856,0.0,74.09316836202653,351.42063558406943,False
2024-03-08,13.53839678768964,0.0,51.95939921615289,337.5226901641988,False
2024-03-09,12.465290140696112,0.0,69.06748563737793,333.41050788300777,False
2024-03-10,19.062556396810322,0.0,70.50439913054709,326.462570727513,False
2024-03-11,23.22480443419261,1.9804279018416127,65.18053977458648,341.7213386324124,False
2024-03-12,15.89910146362449,0.0,72.2042394558072,327.29631348659956,False
2024-03-13,18.30114450854074,0.0,57.40844760234372,302.4715939754804,False
2024-03-14,16.750062328484084,0.0,55.09489869476001,318.64706324202285,False
2024-03-15,19.30653791823758,0.0,61.209038665294194,340.781918413069,False
2024-03-16,19.409883055446233,0.0,47.764393380632356,327.74444138166336,False
2024-03-17,15.623301062176205,0.0,64.49265848672903,348.7002907708422,False
2024-03-18,11.484525258614953,4.755105154781683,61.53549859117009,325.6917104437979,False
2024-03-19,14.783372459146898,0.0,48.67352993977316,350.7244273036396,False
2024-03-20,18.70611857631907,1.2262647589298061,67.09972252926734,327.85904935059153,False
2024-03-21,19.842937034183727,0.0,63.95167629365496,361.8994448348294,False
2024-03-22,18.514088615170152,0.0,61.541283452580515,318.92415414803384,False
2024-03-23,28.352262190606698,0.0,73.16568536053066,338.8366593235406,False
2024-03-24,22.230583036591153,0.0,74.27631618788374,302.49171400502195,False
2024-03-25,12.421068510038875,2.613024482875182,77.36858851286009,337.0149849190005,False
2024-03-26,27.086483005695115,0.0,78.46350797265424,326.39030856198974,False
2024-03-27,11.111360708967563,0.0,60.57061105204154,289.4894288446658,False
2024-03-28,18.04782258500692,0.0,79.02144180926213,313.90196754812564,False
2024-03-29,21.561634879043538,0.0,67.9994458148639,272.2929289027077,False
2024-03-30,15.743154950494763,0.0,64.18260590736092,332.24165176452277,False
2024-03-31,21.623955611723844,0.0,74.20295885999799,314.161928495697,False
2024-04-01,15.08704555535877,0.0,78.73734186951687,287.425584186875,False
2024-04-02,16.899303297935504,0.0,66.16631517938767,322.79428950558054,False
2024-04-03,25.178454838069527,0.0,56.28187025325717,332.5254995584625,False
2024-04-04,18.26788677629865,3.9747988223120805,62.345770391930415,335.2708670483177,False
2024-04-05,19.171846761988128,2.489324456504267,63.2308532390074,289.42547721239606,False
2024-04-06,14.409783716331363,0.0,67.82868715319556,329.1717628837685,False
2024-04-07,21.910088869845556,0.0,60.767890569910236,326.0763452355275,False
2024-04-08,19.656425353198763,0.0,60.25454385644221,281.4761308747302,False
2024-04-09,15.65177244448656,0.0,68.55015657671596,319.1035933504373,False
2024-04-10,22.6064592456267,3.128351622215284,57.799311537282044,322.5757023083091,False
2024-04-11,21.278016833423994,0.0,73.53532452814885,314.0321517168842,False
2024-04-12,15.476976452693089,0.0,53.96133604506658,291.8035811553638,False
2024-04-13,12.092443697961428,0.0,55.34925683462867,334.4905882954996,False
2024-04-14,18.66999959334709,0.0,71.85556361835394,250.5517431318871,False
2024-04-15,13.404037356448432,0.0,66.57921536070512,288.85340919522486,False
2024-04-16,14.826884236647581,0.0,63.814481220291476,255.66204681473698,False
2024-04-17,21.564427614054992,0.0,69.94039998277324,280.83355417166075,False
2024-04-18,24.038283968868992,0.0,59.15363974876913,278.79805496490667,False
2024-04-19,18.827587013037668,0.0,75.76218462169317,258.8522560915493,False
2024-04-20,22.078833306947764,0.0,59.533368074693826,261.11464279565575,False
2024-04-21,23.94618271567108,0.0,63.992015846418056,279.34378072714895,False
2024-04-22,26.662681113154445,0.0,70.92877273245443,270.18213109157256,False
2024-04-23,16.09029672159959,0.0,62.902788726890975,279.25144462809965,False
2024-04-24,13.845160212190812,0.0,72.93609425964874,250.8843746308834,False
2024-04-25,12.75265141355662,0.0,77.92624025973636,254.34227918876744,False
2024-04-26,15.786732857470898,0.0,55.30128169364382,242.82973968319695,False
2024-04-27,18.23354064618892,0.0,55.25068419578291,274.76633580641874,False
2024-04-28,13.463332914810891,0.5568053401172313,60.778773650712594,236.89504811528266,False
2024-04-29,18.93447888874671,0.0,61.06244778112934,275.4643387798056,False
2024-04-30,19.269832620401708,1.7850558370835399,56.16282510423149,239.92000454202363,False
2024-05-01,17.226124963092992,0.0,70.26736526020409,264.554159713946,False
2024-05-02,23.639125648736766,0.0,71.25523583043952,206.82524373852823,False
2024-05-03,22.693541064738476,9.539254442311377,52.74609343952042,230.63559182423077,False
2024-05-04,21.305718845292308,0.5280184177628675,57.971791065594275,268.4434585619486,False
2024-05-05,22.344377838767386,0.0,68.54072995646959,250.25941302681736,False
2024-05-06,21.681923811613512,0.2104489581031926,63.360455105540495,264.2476772231522,False
2024-05-07,22.8246957120554,0.0,63.669952303753256,205.17906344397514,False
2024-05-08,15.649924649418905,0.0,49.84360802861868,210.56048085499435,False
2024-05-09,12.184464694050282,0.0,70.13293892538016,237.70330508274503,False
2024-05-10,12.51712131790741,0.0,60.36769498939364,238.30787349703505,False
2024-05-11,23.746101974026544,1.1782593142785158,59.05490612486817,283.6069378401661,False
2024-05-12,16.814038139466525,0.0,67.95875115550888,250.1954432363992,False
2024-05-13,12.74747625243409,0.0,77.27560832973322,236.62743179370963,False
2024-05-14,18.809871262936184,0.0,77.60419966541224,234.51035587857112,False
2024-05-15,14.550111305258266,3.788296123979925,73.33507415951769,209.66157813805853,False
2024-05-16,14.47780003028816,0.05654618427886037,53.51829614338164,194.90177080999305,False
2024-05-17,23.802104429183267,0.0,59.2842930667523,200.98987864914176,False
2024-05-18,23.14027467605924,0.0,50.7373386087068,230.36192371871206,False
2024-05-19,18.878011417210352,0.0,60.34772627472617,217.13760612811785,False
2024-05-20,28.16971953937245,0.0,62.277818258163784,206.49583639851377,False
2024-05-21,10.311522356327842,0.0,60.59090322534061,185.24352311549796,False
2024-05-22,24.999370769480883,0.6056427119822537,67.08292125190431,213.29559634681215,False
2024-05-23,15.782713232071185,0.0,55.818702465989205,211.861867973531,False
2024-05-24,17.110475617357668,0.0,69.59380938166096,227.83009802764622,False
2024-05-25,14.521265243244077,0.0,68.01482715629527,207.83905439278658,False
2024-05-26,18.530332695686372,0.0,76.667815635799,184.13331790610025,False
2024-05-27,19.595731529760798,0.0,62.408004502748156,180.33796600169805,False
2024-05-28,12.889732190873135,0.0,67.43505978063597,187.3648758749197,False
2024-05-29,17.234654401529358,0.0,60.29265908087784,143.29676329139696,False
2024-05-30,21.295858504188725,0.0,73.51271620994856,154.74651806445627,False
2024-05-31,18.532878955099836,0.0,59.409966834064,159.87343361973024,False
2024-06-01,21.09647866772124,6.029332058106495,45.77804199587465,177.17113488608254,False
2024-06-02,24.82907162875541,0.18158000432844484,62.13901788608433,193.07581114850092,False
2024-06-03,24.271782489128153,0.0,55.621274037372814,177.95243833409808,False
2024-06-04,32.59607504402116,1.7258292243085167,52.379815371249265,151.66436393922805,False
2024-06-05,22.20224340120575,0.13670718119773714,51.01346898852226,156.475378492923,False
2024-06-06,35.68473745953379,0.0,54.776670056149776,151.87806735121953,False
2024-06-07,22.852451188936726,4.1737933198891035,64.32097985877903,141.78835804942827,False
2024-06-08,27.34133902220608,0.0,63.3886258654252,168.14303116095658,False
2024-06-09,30.888686650898258,0.0,70.97565783571572,124.64145272257956,False
2024-06-10,34.09050436856712,0.0,62.398730116364526,143.32113333840113,False
2024-06-11,22.731251102385357,0.0,55.05123913386858,157.5312818379649,False
2024-06-12,33.33026746224655,0.0,67.87805203757364,160.38091056813096,False
2024-06-13,31.225697538293133,0.0,45.18273236223401,113.47104447578087,False
2024-06-14,20.916631034554058,0.7704301845337748,64.55674955801439,134.46375188960513,False
2024-06-15,20.59876996965761,0.0,54.58507734515109,150.48639990437113,False
2024-06-16,28.713063819326162,0.0,64.67469579686043,120.34880788864716,False
2024-06-17,23.559419748938225,4.993850553358154,44.70823175456856,148.79134763291316,False
2024-06-18,24.121529309837026,0.0,51.510114447912144,152.8416144723335,False
2024-06-19,33.22984170095704,0.0,50.16881716288741,124.07245591899496,False
2024-06-20,28.314989927109668,0.0,60.238974555980455,114.93343512736574,False
2024-06-21,33.429903274192405,0.0,71.58062995381275,116.73789927399116,False
2024-06-22,22.53265197255021,0.0,37.7138262865394,135.25857440309244,False
2024-06-23,29.46908366145339,0.0,59.57560655822403,95.47256831865796,False
2024-06-24,22.557838129668458,0.0,53.84580368835677,104.50789674652212,False
2024-06-25,34.29696321250919,0.0,51.99164343369663,125.12390953979909,False
2024-06-26,18.715101919012135,0.0,52.30756076911113,124.39608812794593,False
2024-06-27,35.275505844341005,0.0,52.47287455450576,109.54221675672332,False
2024-06-28,36.908697150461236,3.0839647196009317,52.133533593635896,118.0526439089259,False
2024-06-29,24.072119425037656,0.0,50.478062747246476,91.4612924052264,False
2024-06-30,31.4803627910218,0.0,46.60269906221965,104.06718404680106,False
2024-07-01,27.892387171245222,0.0,55.06102347244246,117.39872722948904,False
2024-07-02,23.622899686662503,1.4512497980862933,49.550878106188804,129.45288801046019,False
2024-07-03,33.30650496725796,0.0,58.144963350983886,125.17627735593727,False
2024-07-04,25.644362783920577,1.5991164947291185,60.59866647905243,94.99987322552187,False
2024-07-05,35.18362247852736,0.0,52.8872369404798,127.67213110342703,False
2024-07-06,33.47128899561403,0.0,57.26610518816986,50.0,False
2024-07-07,27.585680809348176,5.267400449670983,65.00982634815179,107.81184913626515,False
2024-07-08,35.264014442843994,0.0,62.67763495377037,88.96942810924085,False
2024-07-09,28.06740516988201,0.0,70.90102341952029,67.2126387927855,False
2024-07-10,26.48378729529068,0.0,70.95642037952398,73.51726998788018,False
2024-07-11,35.01965059065274,0.0,51.91363150422839,113.47441104747406,False
2024-07-12,30.476277761751952,0.0,45.12806371162398,64.46180397027288,False
2024-07-13,25.493314692664697,0.0,56.13714861120601,64.96867701172373,False
2024-07-14,33.64555679569426,1.416773264098148,47.221894325649416,95.71067619036722,False
2024-07-15,26.98683046335676,0.0,57.142241303092014,105.54493921111344,False
2024-07-16,21.551595912497486,0.0,54.48925022845188,83.21038942974992,False
2024-07-17,20.495380295730502,0.0,66.95305373803808,88.28444048882831,False
2024-07-18,23.766786721961267,0.0,50.46635756819811,135.80896819072143,False
2024-07-19,27.72487039528306,1.1283681170000381,51.424324022711524,64.02498444252969,False
2024-07-20,18.10764271346546,0.0,59.26917123987307,65.95274063646765,False
2024-07-21,19.15367206137213,0.0,66.53620621438485,70.26666531404663,False
2024-07-22,18.773712246736157,0.0,53.163942573207216,50.0,False
2024-07-23,21.094878801258012,0.0,55.090446401187556,58.10886771268038,False
2024-07-24,24.100174979391948,4.011665015616322,49.432375271688414,50.0,False
2024-07-25,35.959080505860896,0.0,54.411750118163894,63.95518017204745,False
2024-07-26,27.195506889101157,0.0,61.268721347573496,50.0,False
2024-07-27,24.77749435967508,0.0,44.06678126515706,70.99066151189334,False
2024-07-28,32.162290456506206,0.0,56.7574434712719,52.607822846168546,False
2024-07-29,27.056923717884896,0.0,46.726437528559075,50.0,False
2024-07-30,30.353171927263837,0.0,49.04398643654825,70.4910570278967,False
2024-07-31,25.73411347641985,2.4183756934653915,57.84125657496443,68.75760102249295,False
2024-08-01,29.11837299224853,0.0,56.91102510104037,60.509814641655886,False
2024-08-02,26.30799528333644,0.0,57.51243340508414,68.49548531711591,False
2024-08-03,34.54903769458796,0.0,47.05139954022602,75.7959408942419,False
2024-08-04,26.902360631177558,0.0,65.2704337524733,80.29096858669568,False
2024-08-05,25.140204568951916,3.2472459261895885,39.26415021355801,67.01638083468258,False
2024-08-06,31.182928478104635,8.061492482512032,41.203413900367366,79.93821910097904,False
2024-08-07,27.95050200573158,1.824448858762491,53.39349238460254,95.70309569330307,False
2024-08-08,29.378561610137258,0.0,59.29638413434823,53.58538614605998,False
2024-08-09,24.086135967449753,0.0,49.949033087180176,60.42060847020977,False
2024-08-10,24.06606510202916,0.0,51.66165075123549,76.18729195798403,False
2024-08-11,31.70536161588855,0.0,50.10765955526064,50.81717902630464,False
2024-08-12,23.69643619826522,2.9912534452686637,50.23495979673412,50.0,False
2024-08-13,31.621689403730105,0.0,63.19759138668251,69.57116809976208,False
2024-08-14,21.714789775320074,0.0,61.118152927837926,57.47677814577895,False
2024-08-15,33.4059539348519,0.0,60.630545502026685,63.851573558692756,False
2024-08-16,37.083088079347206,0.0,61.21488920296797,102.45678582296816,False
2024-08-17,16.55212765045129,0.0,66.01205566287442,75.38893044443367,False
2024-08-18,25.087851918179847,0.0,63.059165998363625,60.525473038220404,False
2024-08-19,24.583186133575484,0.0,56.27674967089008,50.0,False
2024-08-20,27.97027134180367,0.0,62.753739866876295,50.0,False
2024-08-21,25.70997656269624,0.0,61.07524532281666,50.0,False
2024-08-22,20.883549236799695,0.0,58.586714097490955,50.0,False
2024-08-23,24.44016096041579,0.0,68.24469023024405,50.0,False
2024-08-24,27.738787037010088,2.4015679991980967,57.62610010407519,50.0,False
2024-08-25,26.96458839680741,0.0,47.344498794934324,60.84012369026097,False
2024-08-26,37.19384882143315,0.0,54.69617603657162,50.0,False
2024-08-27,35.056121241104925,0.0,61.201761581961925,50.0,False
2024-08-28,18.97527853120842,0.0,50.04829889364384,59.74690041362514,False
2024-08-29,35.43798068966125,0.0,42.79054382143798,94.81896026635658,False
2024-08-30,21.419173152747852,10.687203592595647,47.60025242403414,77.98253028792377,False
2024-08-31,29.898210454166666,0.0,59.22013256407743,50.0,False
2024-09-01,23.203180947871363,0.0,56.137696467829,80.67643337171215,False
2024-09-02,22.933971875636146,0.0,70.71481050815295,50.0,False
2024-09-03,16.720433416863795,0.0,66.58628813068286,101.6603512256546,False
2024-09-04,25.94115058893712,18.509520439926725,65.2900876030949,100.59751984337058,False
2024-09-05,17.364621616311894,0.0,60.413480445670544,71.91790366123291,False
2024-09-06,28.848196036501122,2.637494583283854,57.732937216137884,71.33279162060568,False
2024-09-07,15.110804557258334,0.0,60.66391234090657,64.00333106084038,False
2024-09-08,21.800478773527626,0.0,66.88526521787935,52.84907344461215,False
2024-09-09,25.690814004586752,0.0,62.27146867488082,73.35946567783145,False
2024-09-10,18.89726154244575,0.0,74.85154557790007,66.68985976321663,False
2024-09-11,33.27271682484309,0.0,71.73779074950642,70.67766268818662,False
2024-09-12,22.276285618435203,3.628324380578105,61.275961308929396,50.0,False
2024-09-13,24.629388350541582,0.0,54.960309709291806,50.0,False
2024-09-14,18.532850130402235,0.0,73.17360264688192,67.17627319059119,False
2024-09-15,19.294717730684162,0.0,58.0144107980165,50.0,False
2024-09-16,30.2520593742152,0.0,61.804739544742354,90.70949212581806,False
2024-09-17,16.922660393052954,0.0,53.29440814944527,94.50683537388106,False
2024-09-18,17.956483203488045,0.0,54.12661071275031,70.22787312372411,False
2024-09-19,27.427721221923363,3.1023389109211856,67.43899503927395,50.0,False
2024-09-20,28.523724711509256,5.016162692904533,56.276015775760435,73.26864613615199,False
2024-09-21,18.766554566078845,0.0,60.15601342684711,70.32561655421175,False
2024-09-22,24.737387131997778,4.507740090289438,68.24822415102884,78.40898505485615,False
2024-09-23,27.758582325898775,0.0,66.80905233215559,74.31748796169995,False
2024-09-24,26.574515368424763,0.0,65.80355421651387,82.60520082534302,False
2024-09-25,20.567630731906977,0.0,58.49000011754514,50.509167110118526,False
2024-09-26,26.481394706740414,0.0,71.96066406390374,71.062992332967,False
2024-09-27,24.413493621495014,0.0,65.37286135287025,102.00625835344101,False
2024-09-28,15.698866191301853,3.856044547019584,55.66463330200896,66.11272062669437,False
2024-09-29,19.622376464661723,0.0,67.55049963459865,81.55818394907072,False
2024-09-30,25.70762658672337,0.0,75.24631773753353,89.45673400799775,False
2024-10-01,18.82305965373845,0.0,76.71781736340351,95.76814913201565,False
2024-10-02,23.22425507710767,0.0,66.04969695762767,114.58629907071162,False
2024-10-03,29.255551334867157,0.0,72.21886759748237,72.48424040352342,False
2024-10-04,18.877990855876625,0.0,53.371909572294115,78.7156507126289,False
2024-10-05,19.04761564245159,0.0,66.21080648657096,63.72656679144346,False
2024-10-06,25.354774954787167,0.0,43.666948279849194,112.52626784360895,False
2024-10-07,29.650975302056274,5.431231553532831,56.95234705888775,133.57249130826546,False
2024-10-08,13.947915576120074,0.0,71.1877021882247,135.91669758646094,False
2024-10-09,14.985719423655391,0.0,60.57699881886053,98.41781742500147,False
2024-10-10,18.889464857747296,0.0,85.4735995792258,101.77200272033039,False
2024-10-11,22.01989346426312,4.1453397963597105,74.44279308547422,120.08355399406449,False
2024-10-12,27.202492451016724,0.0,54.90737268604063,89.58139414307887,False
2024-10-13,25.58321734629177,0.0,59.84366531963086,88.1369312895439,False
2024-10-14,19.567121611323337,0.0,79.60979120193228,88.73614435202366,False
2024-10-15,29.410196922017086,0.0,65.93017053599094,94.48020445935457,False
2024-10-16,15.376378274568662,0.0,57.02842336633261,126.08942754520884,False
2024-10-17,17.852825203961157,0.0,70.75723340699308,116.26542188655682,False
2024-10-18,16.777635715549263,0.0,70.96653923671553,144.64584697967192,False
2024-10-19,22.362995694010973,0.0,70.02375053406053,105.96060267620277,False
2024-10-20,19.72515694465159,3.744538696323162,69.09461631804594,108.58593860267295,False
2024-10-21,24.097385130951796,0.0,57.25646847317312,146.80607517003645,False
2024-10-22,20.165727807007087,0.0,55.78418325285912,123.30348360448312,False
2024-10-23,15.700226000707985,0.0,71.15024827561827,127.53121231310925,False
2024-10-24,16.680473322075937,0.0,65.00252200427002,159.0447495173383,False
2024-10-25,23.374624345419047,4.003546889650759,58.055568304644645,121.21447571479396,False
2024-10-26,17.462866434184164,0.0,65.14485218342611,139.43255936077531,False
2024-10-27,16.047122115202367,0.0,61.05782687794092,155.67764319069002,False
2024-10-28,24.584381678507047,0.0,66.06976448738085,154.7590101678098,False
2024-10-29,16.40063951838691,4.330761333665672,61.6546353129037,154.19503699467876,False
2024-10-30,17.615581516964987,0.0,62.555008023544325,158.90161046959503,False
2024-10-31,20.854129240456007,0.0,66.57069212547694,191.38061127096904,False
2024-11-01,15.765022110473026,0.0,56.78926920991792,126.91785719366757,False
2024-11-02,26.978663795787327,0.0,63.98404096130253,151.15862687226058,False
2024-11-03,29.615789753568503,0.0,64.99431700230178,177.96034229559578,False
2024-11-04,16.650109809688146,0.0,56.558576572337806,169.3504205939098,False
2024-11-05,15.54715595852657,5.30148173476819,60.217453534857206,165.33022364917178,False
2024-11-06,21.59118748937982,0.0,51.55539093176567,156.97513050222707,False
2024-11-07,20.643789027505136,0.0,60.69494519184576,196.61117707233873,False
2024-11-08,25.504091038846205,0.0,69.88045865284597,195.54343357395297,False
2024-11-09,23.249779129873353,0.0,88.23455988810667,171.55244124574557,False
2024-11-10,16.64754002243849,0.0,64.77305228840802,160.39384873283944,False
2024-11-11,23.672682823702356,0.0,61.76493396681082,206.50237578510192,False
2024-11-12,27.277220075636954,5.343393662629019,56.223397091626055,180.77259338879782,False
2024-11-13,22.723657319635652,4.189695283842501,72.04759867516817,170.07448519359426,False
2024-11-14,23.50149571706974,4.33005378992444,69.0758961322374,181.58166039101167,False
2024-11-15,21.92849243465293,0.0,70.3764097014784,178.98363625550883,False
2024-11-16,21.157213548149667,0.0,63.43036767527939,169.76659462724822,False
2024-11-17,26.14747798526505,4.5316396072379925,53.34060307449498,188.79184388672903,False
2024-11-18,24.807081552952816,0.0,63.49850397995959,201.4978742289748,False
2024-11-19,20.24123723165333,4.174465137553385,67.79235762212411,201.28155384256578,False
2024-11-20,24.024917390117338,0.0,74.68637924609858,216.00546975316277,False
2024-11-21,27.00420326830145,0.0,62.30387472144599,211.71882667698603,False
2024-11-22,16.384427666528506,0.0,48.3482371609165,207.45994144407402,False
2024-11-23,25.764222853192443,0.0,68.4918909746662,223.8810060112921,False
2024-11-24,29.77044659046399,0.0,72.08840765373463,222.68200911324712,False
2024-11-25,28.54644800751871,0.0,66.42457606576282,231.28969169203327,False
2024-11-26,17.049122091805227,0.0,55.010846132833336,222.68850265682346,False
2024-11-27,18.436111785017562,0.0,79.66699039198892,212.84393040157565,False
2024-11-28,28.786862490436,0.0,73.44813805468496,188.185623178043,False
2024-11-29,19.550297115296953,0.0,65.17097282760338,240.4874010543661,False
2024-11-30,29.394000840146965,0.0,61.81664658440499,211.24057337444117,False
2024-12-01,8.807378334866174,0.0,77.83618869909891,200.51254714719053,False
2024-12-02,13.109139187805322,0.0,72.97670470943618,211.84782697834453,False
2024-12-03,12.366466821324172,0.0,63.0068763399392,246.8561415532031,False
2024-12-04,13.54475466774538,0.0,68.23244040555085,195.30504934307757,False
2024-12-05,9.138540866888473,0.0,70.49927180765766,254.72650574200605,False
2024-12-06,16.00621455755678,0.0,75.9816763248035,210.69663605870983,False
2024-12-07,9.75672177737976,0.0,60.254645182418116,213.5082069145428,False
2024-12-08,14.627202417245963,0.0,70.67773392477763,285.24961813703584,False
2024-12-09,11.495290626570803,0.0,64.75355556389968,259.35584254522865,False
2024-12-10,14.04145793369594,0.0,65.15902018073781,267.09026458572134,False
2024-12-11,10.779681187334726,0.0,85.15799289252797,269.04474577592714,False
2024-12-12,14.9361428188601,0.0,70.97342649802013,250.6770890705383,False
2024-12-13,10.513056158912017,0.0,63.95952833676542,247.84216986660192,False
2024-12-14,10.76644975524776,0.0,81.16705175279989,276.4913276352236,False
2024-12-15,9.311627581833982,0.0,90.42801673048793,267.85827246020676,False
2024-12-16,15.955623605146926,0.0,82.81219014381851,290.0836566246132,False
2024-12-17,14.775505294627681,0.0,78.28029175657913,222.0388133265052,False
2024-12-18,10.88818733550783,0.0,91.66479346370612,294.48370365113584,False
2024-12-19,10.245342024881076,0.0,80.39610896010248,297.5208914879029,False
2024-12-20,12.30049922381788,11.365722551604268,70.85771927788133,294.72742801473464,False
2024-12-21,15.698718172130324,8.621733799249778,72.505666789835,290.01451851381944,False
2024-12-22,14.296223321685428,0.0,65.88552139165489,303.1099953151202,False
2024-12-23,18.190836843403986,0.0,84.136484998095,293.3276254120753,False
2024-12-24,11.490495436104126,0.0,73.46751263542934,276.0943171431551,False
2024-12-25,12.10714154726833,0.0,90.4526040402892,289.07311263996326,False
2024-12-26,9.200823763852721,6.798942614838076,65.91802456754486,307.14599303316885,False
2024-12-27,13.587404394563274,0.0,95.0,287.3063937823545,False
2024-12-28,7.532487936472668,6.835602122362468,74.59235922436906,309.99491179568366,False
2024-12-29,6.132150598375487,0.0,71.90119707658316,293.7987422156684,False
2024-12-30,12.735948742705647,0.0,68.4265496981445,303.4197332996863,False
2024-12-31,14.785078110599331,0.0,74.24695516294611,264.45606435063115,False
2025-01-01,13.751743018332306,0.0,76.92445258308948,306.4518912250511,False
2025-01-02,13.1245656503662,0.0,73.26684163481818,270.95604769095365,False
2025-01-03,13.611829772940402,4.18354536543128,77.42019350312593,310.65892919754924,False
2025-01-04,8.704661959969007,0.0,76.8376209968025,314.7326979532835,False
2025-01-05,17.969053433508012,0.0,79.64823098362614,330.2385532867887,False
2025-01-06,12.361609532374967,3.4514800372787153,64.52213674489528,332.35076277460996,False
2025-01-07,11.164313212196237,0.0,73.75588963801334,310.75790901047253,False
2025-01-08,13.173490015793943,0.0,71.53680671124042,304.84389419162426,False
2025-01-09,14.152895739653129,0.0,62.5869629188648,290.34188979184336,False
2025-01-10,11.88791210702796,4.107922286795638,70.18060890735525,295.7035341202598,False
2025-01-11,13.984103148552707,0.0,83.36799140946982,325.4907320053378,False
2025-01-12,12.446836540975555,0.0,72.89031842666806,325.07743703768807,False
2025-01-13,11.346310659484722,5.282630193071739,63.78404338937343,319.2203812010224,False
2025-01-14,15.646132026340403,0.0,65.23811326545213,315.7045184914858,False
2025-01-15,10.994372349092304,5.871484668204734,82.84191777862094,326.561751691753,False
2025-01-16,15.178408382627294,3.9634661970706775,61.2258740111449,304.0120710324637,False
2025-01-17,10.030210196589692,0.0,85.59233163149106,347.1373539753887,False
2025-01-18,7.549960712975302,0.0,81.14907998997354,316.5255815595808,False
2025-01-19,9.08374238079448,4.350493873298909,66.41910727558209,326.0795298553117,False
2025-01-20,11.561391989059562,0.0,77.83260114943042,369.2726674460243,False
2025-01-21,11.83157993880015,0.0,67.76918154861926,344.964896267601,False
2025-01-22,9.853410296622007,0.0,82.37616905957775,300.41267324706007,False
2025-01-23,7.753037855941472,0.0,66.43851586541673,362.8594131320871,False
2025-01-24,8.776766339561087,0.0,60.03209813208176,370.1121348926336,False
2025-01-25,13.941420312623405,0.0,79.8014292051227,339.9190876448679,False
2025-01-26,11.204320775202246,0.0,71.54276522871459,343.3973272409802,False
2025-01-27,14.387222085873608,2.8854806520795204,54.232477515211,342.7039996907482,False
2025-01-28,19.26405848870779,0.0,78.35976375682598,332.41283762670145,False
2025-01-29,16.685423229924435,0.0,83.85519868936724,313.3778081929322,False
2025-01-30,10.386407059309079,4.58935270970279,75.6250780529185,335.8973855079347,False
2025-01-31,10.557801253560136,3.4473268035402285,66.04121016886339,334.76652172505993,False
2025-02-01,12.54771921197635,0.0,75.99600287331027,337.55684011195126,False
2025-02-02,8.186914443935141,0.0,77.86576995578206,311.2153819839397,False
2025-02-03,8.572487425915808,0.0,75.9403117288936,372.17731728962895,False
2025-02-04,12.377931054583721,0.0,79.70662167369336,349.7247636570951,False
2025-02-05,18.342523740020255,0.0,68.60549493731006,344.1803086150787,False
2025-02-06,11.288894587679327,0.0,77.12745198794556,349.7891179824809,False
2025-02-07,15.837338202836932,0.0,75.7554215124922,336.52688240567113,False
2025-02-08,19.40114305209399,5.849843633319131,70.56588430843267,345.8094135000486,False
2025-02-09,15.601032152204741,0.0,67.57468095043006,359.72930761536,False
2025-02-10,10.993398465529918,0.0,60.54194482391519,368.5435221644808,False
2025-02-11,7.518403494159538,0.0,67.37388689667256,306.579407487222,False
2025-02-12,8.291489586615157,0.0,63.89247023182564,358.4331869029915,False
2025-02-13,6.553409140927091,2.8489466724470645,64.15298586209539,374.9676261861215,False
2025-02-14,9.13528275067787,0.0,74.87284159897199,351.12578797108876,False
2025-02-15,14.22138088308675,0.0,71.31512422510025,302.4962601071459,False
2025-02-16,13.22893975354705,3.5139088186750698,62.521408604928574,334.6025477903289,False
2025-02-17,13.518849502538787,2.237854258320715,83.3790809179711,367.39315232439753,False
2025-02-18,13.437808085203045,0.0,69.29910951849335,337.32624915328404,False
2025-02-19,11.187240429997605,0.0,70.40834893681944,337.3122867806789,False
2025-02-20,9.443073202356569,0.0,75.26465524964192,309.3723657892146,False
2025-02-21,13.265010908851409,2.6816801320367367,66.53152080995625,325.7964873708271,False
2025-02-22,10.909458409245776,8.19861737502787,71.07277007151087,360.1563843401331,False
2025-02-23,11.307509472078461,0.0,72.79697288257229,325.5527187323261,False
2025-02-24,6.9593780042683875,6.572366279361873,68.50603114387015,351.3993595544212,False
2025-02-25,18.978827130450117,0.0,56.66509732682465,361.61528082598386,False
2025-02-26,7.232947329898039,3.324255539097887,61.96710748438659,347.1913245703507,False
2025-02-27,16.12163047776083,0.0,82.00687512475531,341.9088141204554,False
2025-02-28,8.619143267077998,0.0,62.802657934799385,371.8852543045177,False
2025-03-01,22.01062029411848,0.0,67.62922472041583,370.80498941687097,False
2025-03-02,24.24839554647019,0.0,68.27391814071896,350.8569275876743,False
2025-03-03,19.218985450463045,8.057143489150965,62.377084532508576,357.24371088844487,False
2025-03-04,24.647035308474088,0.0,50.66127375570022,337.5536115929849,False
2025-03-05,14.686017296754622,4.116298330229693,57.786822635442206,352.894198176934,False
2025-03-06,20.955030033305853,1.6773061589480258,62.311480096604434,365.78394133013063,False
2025-03-07,23.271199790610584,0.0,68.42083824913875,338.80164559259794,False
2025-03-08,22.53603291728419,0.0,63.05858692912432,368.663266884144,False
2025-03-09,26.76107514718649,0.0,57.26670510490814,342.96911822247745,False
2025-03-10,17.10005949973511,0.0,64.5651858843393,351.9640940579019,False
2025-03-11,12.442046690575008,3.0000141413906256,63.42159461775246,354.3102462816766,False
2025-03-12,23.043657629758034,0.0,79.11514447052436,332.0884023798261,False
2025-03-13,18.785336396707137,1.571188355582509,68.24732449643567,290.4971691761913,False
2025-03-14,23.0776296193777,0.0,57.13034493166368,360.4791731261032,False
2025-03-15,21.003331498587475,0.0,71.48947436455187,339.1440724251134,False
2025-03-16,16.128143167959884,0.0,53.490429137620254,326.96681666812356,False
2025-03-17,29.429514845990845,0.0,52.71869692275305,336.16122326227907,False
2025-03-18,18.86497772078937,1.8601146822945618,64.13351756428271,325.599925090627,False
2025-03-19,20.416852310549892,0.0,60.24682539320293,380.561804536308,False
2025-03-20,24.948182362553325,0.0,64.36290731541547,349.7337902663074,False
2025-03-21,19.080580493691713,3.32637459783883,78.21999958828884,337.8224051540385,False
2025-03-22,14.60724920664819,0.0,57.38123699684388,360.36646190622184,False
2025-03-23,15.267093202232642,0.0,59.4607127696386,334.90202332225164,False
2025-03-24,15.50818761450642,1.0668624221011391,62.06493264866604,357.4321755015387,False
2025-03-25,14.464447120796411,1.1943993452489994,51.75555623995902,301.29966463462074,False
2025-03-26,23.738412158121154,0.0,56.915321407814,331.7868070390556,False
2025-03-27,11.311461421754169,0.0,66.96009999280673,290.34205349221736,False
2025-03-28,13.36741927112425,0.0,72.37378448341757,297.27990590380665,False
2025-03-29,17.821375398547,0.0,62.21441393306116,308.7347356011351,False
2025-03-30,9.767599897079082,0.0,60.1699000298053,330.6899187928456,False
2025-03-31,20.74001651444495,0.0,61.29416516267517,342.48195376886264,False
2025-04-01,15.79995077399506,0.0,70.1684402019563,333.5292226102726,False
2025-04-02,19.811291356070896,0.0,83.66312402334705,321.8261874483338,False
2025-04-03,19.704317036924742,0.0,86.72036318649121,314.4887929503203,False
2025-04-04,23.92448261203264,0.0,67.21527022022052,306.5149091979673,False
2025-04-05,15.416064123565818,0.0,55.63691279193632,316.4970936807194,False
2025-04-06,17.225899316483513,0.0,64.2542077652643,298.82765352814744,False
2025-04-07,11.46282677215839,1.8926752930705253,67.91387813939473,267.31116020862464,False
2025-04-08,13.917279928320113,0.0,66.78769951916627,272.5531476677162,False
2025-04-09,22.36169356683525,0.0,62.241016963788596,303.93939642348323,False
2025-04-10,14.98943835574329,0.0,67.98499971692806,314.9180296754362,False
2025-04-11,17.108288089320997,0.5509978918110745,56.76443564328492,322.80793664886613,False
2025-04-12,22.316305323288802,0.0,78.99959393378597,337.80944186373586,False
2025-04-13,12.927751031142126,0.0,74.85352509452213,293.9431760042932,False
2025-04-14,21.96883466813376,3.6049949417991316,68.32977732841948,297.2107492874672,False
2025-04-15,22.692380316127064,0.0,56.55478223260256,277.0050115149467,False
2025-04-16,17.36575250424213,4.284614110757623,59.93635772473177,243.41849114253426,False
2025-04-17,20.39547862373937,0.0,66.49026716855928,269.5549241163715,False
2025-04-18,17.57363873974167,4.883988453733218,62.4454208322359,329.8705276338401,False
2025-04-19,10.786427309666685,0.0,81.98884835146802,277.6235509871635,False
2025-04-20,15.434493969672577,0.0,55.927198220682584,287.21208655368093,False
2025-04-21,20.593997517045185,0.0,57.49835418599654,273.73696706645245,False
2025-04-22,13.663963366109812,0.0,61.10268278933285,324.44887025417904,False
2025-04-23,20.616354726188284,0.0,62.75459180693844,310.97483654959416,False
2025-04-24,18.897983541715387,0.9889978680543666,54.52385748936704,291.91340031480786,False
2025-04-25,21.894082319162187,0.0,51.535148984524064,249.52937659522217,False
2025-04-26,15.71267195611944,0.507114359664557,57.08694852669789,236.17406368042884,False
2025-04-27,22.036356013950616,0.0,65.03192836886126,246.95825276283227,False
2025-04-28,14.317979016156375,0.5583880700494885,72.22810586074995,252.55917807589952,False
2025-04-29,24.426073171948115,0.0,53.30028551570549,274.912954161147,False
2025-04-30,23.435469589255696,0.0,67.33307214904927,267.4949499409562,False
2025-05-01,16.574419187822503,0.0,71.8852932796804,243.5206314133686,False
2025-05-02,19.661612528238997,0.22732940731183218,58.14191858223956,235.1454628022113,False
2025-05-03,15.517669285818926,1.2422363110564714,78.62173907220196,231.63393871895926,False
2025-05-04,20.094957129180685,0.0,58.067952595713805,245.44070073612863,False
2025-05-05,20.47436331403333,0.0,65.87149500497219,232.0302351830773,False
2025-05-06,20.755298819225626,0.0,72.57879395443506,239.93330088895428,False
2025-05-07,12.401961142798669,0.0,68.16548105138621,222.24288186278142,False
2025-05-08,17.593348718156328,0.27065714717400213,71.76935097520548,198.53678168767635,False
2025-05-09,25.212393665495508,0.0,66.68871825162093,231.8085291076706,False
2025-05-10,12.669511252056868,0.0,67.19825561790364,214.39765776336841,False
2025-05-11,17.5701278515456,0.0,72.01129990229968,235.8612637850622,False
2025-05-12,15.566611665304919,0.0,64.46383410706014,218.06753026286265,False
2025-05-13,14.036794631118452,0.0,85.82677504148845,247.3482086918283,False
2025-05-14,12.899516354807384,7.382746547450863,65.38273688915469,213.9761633627494,False
2025-05-15,22.77344245543417,0.0,64.38901175289587,237.02901546963975,False
2025-05-16,19.09845673753989,0.26118398283000793,56.71465165551514,196.22907961602465,False
2025-05-17,18.47795553516584,0.0,62.96757749748342,237.56613897202365,False
2025-05-18,17.055297186325664,0.0,72.8023174521241,206.46923607612936,False
2025-05-19,25.5902965919683,1.1718728865588077,60.648033629745576,195.54530045940467,False
2025-05-20,26.86521346726781,0.0,73.6996096882269,190.96511057211325,False
2025-05-21,15.462753231897764,1.1965151718370097,68.41011256718456,159.13306176647595,False
2025-05-22,21.50234167004755,0.0,66.47385788258725,194.3926533390017,False
2025-05-23,14.996038246292278,0.0,70.56188274901646,212.07643755486262,False
2025-05-24,18.588317031937173,0.0,67.77650263243041,205.5431470656726,False
2025-05-25,18.18597893836499,0.0,63.769462474627574,173.4109543779657,False
2025-05-26,16.125832070081774,0.0,62.56964873211356,206.31236070790538,False
2025-05-27,23.36328420423688,0.0,70.26249920573626,172.42845887110957,False
2025-05-28,21.100093524800542,0.0,62.621392367052266,151.89605121666983,False
2025-05-29,19.698554176801636,0.0,58.54380150940343,187.44599280984372,False
2025-05-30,15.96821110699451,4.5281715643776135,68.41795466828574,191.34453705756871,False
2025-05-31,20.615256115743236,0.0,74.02231435886063,193.85990457439215,False
2025-06-01,22.814797233601972,0.3693287093465121,61.867291635746675,174.7441428504355,False
2025-06-02,33.15695469242136,0.0,47.523701894011964,178.3558908424356,False
2025-06-03,16.425334971563693,0.27064372051922064,55.17666059975319,159.30639796667433,False
2025-06-04,17.036210842291542,0.0,59.99942191216305,163.45343480075277,False
2025-06-05,26.270524700222296,0.0,57.102760130459,177.58450967437824,False
2025-06-06,35.1977457399489,0.0,47.95614862251258,153.21835806611367,False
2025-06-07,25.986463742191926,0.0,47.669012318396476,154.69820891642016,False
2025-06-08,36.52898956611241,0.09182383142121917,51.74585598884681,150.77410857808087,False
2025-06-09,30.974667160563488,0.0,59.074262168837436,161.14672106128896,False
2025-06-10,27.992427983112016,0.32492521869662233,64.30787479784088,101.54271234802543,False
2025-06-11,25.143237579779463,0.0,55.308990725564335,118.57762422409925,False
2025-06-12,33.54958923667206,0.20939579785159199,43.425045483933204,153.72401892762622,False
2025-06-13,26.569354637675595,0.0,48.634963834832014,137.8474352523714,False
2025-06-14,35.42566356943778,0.0,53.34331515343127,146.92542113004063,False
2025-06-15,23.206044159839745,0.0,48.62718206516528,149.0380112411417,False
2025-06-16,29.374419291340473,0.0,60.86165396451895,153.24229923280072,False
2025-06-17,24.09655534532112,0.0,52.20187696477039,133.20265423861744,False
2025-06-18,23.210298846196277,0.0,53.69109345425494,131.49366842056713,False
2025-06-19,30.348982254570842,0.43581696686658383,47.18221602485174,86.75892269377364,False
2025-06-20,33.234643208790516,0.0,58.46121478936708,138.14253582505427,False
2025-06-21,20.592369991214685,0.0,57.50581001463728,121.00928718391708,False
2025-06-22,30.76551045343682,0.0,61.16186570820787,120.08158903681193,False
2025-06-23,26.71224824300869,0.0,51.01185403036871,85.55183251501305,False
2025-06-24,27.417171338547835,1.42695203450187,59.16296361503352,112.6439665929942,False
2025-06-25,32.337501772273065,0.47287861046341373,58.69470382423087,109.60459151972493,False
2025-06-26,23.98364760571501,0.0,57.87098231020741,129.07459107317757,False
2025-06-27,24.487040530800282,2.184600938799412,60.287962632696164,109.05540872707309,False
2025-06-28,25.85114037371724,0.0,56.77564929406641,102.59916632261684,False
2025-06-29,20.176270817373137,0.0,48.67594224737584,50.0,False
2025-06-30,32.86886881740641,3.5034250501873485,54.2681398029443,94.26632531335066,False
2025-07-01,27.45357975728308,0.0,46.983203877527515,96.42678449224383,False
2025-07-02,25.712726653865996,0.0,55.76145402935548,102.19402736629911,False
2025-07-03,27.71502762949961,0.0,59.071401910389454,111.90520748074734,False
2025-07-04,31.49700698564887,0.0,69.45241682354943,110.90939958712566,False
2025-07-05,25.297449127756572,1.818725484170474,41.35848240174942,58.458747307697465,False
2025-07-06,28.051703631441615,0.0,47.85934308036825,64.75986673393778,False
2025-07-07,35.75545302913109,0.0,56.84782966332155,140.16584719872893,False
2025-07-08,25.592822363958735,0.0,55.83769981290951,62.56465380170201,False
2025-07-09,33.032788732603656,0.0,63.262572543456024,124.25593390960873,False
2025-07-10,33.342887867138515,0.0,59.45465875598278,70.13645805019102,False
2025-07-11,34.30999084520925,3.998661908674067,44.99004170508065,84.2195985146138,False
2025-07-12,29.721617767353024,0.0,48.20595830750403,59.456483920168324,False
2025-07-13,28.73608268010935,0.0,53.5016512150021,68.2622216968804,False
2025-07-14,24.08367371959569,2.8246794281786105,57.96162824742842,60.73340527171749,False
2025-07-15,31.823991498659705,0.0,54.40206508419715,50.0,False
2025-07-16,27.36605922587253,0.0,65.52018215475701,76.10853149486465,False
2025-07-17,30.279139713792528,0.0,47.45603395322034,78.87142829092241,False
2025-07-18,26.29316618080342,0.0,43.10840792394825,72.42791852504011,False
2025-07-19,24.193720090065412,0.0,51.38326571790113,53.91264439138176,False
2025-07-20,31.90598637521328,0.0,56.18573881666256,90.29431425672757,False
2025-07-21,19.292467349421848,0.0,62.557782360256105,62.04722158901329,False
2025-07-22,34.23753194570532,2.5316501846146178,44.33877799419389,75.76924100927155,False
2025-07-23,29.95484203652125,1.3432222663397022,49.23465599284832,57.204936338743636,False
2025-07-24,32.16886337347596,1.6351029749942128,55.254897635953675,56.60121322693785,False
2025-07-25,23.79672961823052,0.0,55.90167170919702,50.0,False
2025-07-26,29.52847239558492,3.8143672832127784,48.67492738072328,56.0082071842102,False
2025-07-27,23.841063610932412,0.0,60.13222698632893,50.0,False
2025-07-28,35.224440623037246,4.378651308906207,59.06912736194335,94.5137346293786,False
2025-07-29,31.956401218601616,3.0523267177729636,43.088908852226496,64.16430489815524,False
2025-07-30,23.0621660601933,4.97321120740115,38.79746461942039,54.296766832727315,False
2025-07-31,24.244175053005197,4.079187527967896,56.466858369249486,89.35467510107019,False
2025-08-01,19.80176103710271,0.0,54.095816010843286,58.40188023542997,False
2025-08-02,30.966250576359883,0.0,50.91653031981295,61.45092699612667,False
2025-08-03,25.234603979670553,0.0,55.358477255255586,74.56072619099291,False
2025-08-04,25.297869065322345,0.0,69.94409235065775,53.54050232224398,False
2025-08-05,35.92091186842922,1.566083060177596,67.12832185492105,75.4503488189047,False
2025-08-06,30.408678230154187,0.0,63.41467422192371,73.36436876847662,False
2025-08-07,27.657810830340086,0.0,44.15546201262535,56.49780037433918,False
2025-08-08,27.806646519481205,0.0,63.52091103354655,79.90966548046697,False
2025-08-09,26.984737746022564,0.0,48.501663991543936,72.87096194540182,False
2025-08-10,39.4263445580354,0.0,46.19523149001618,72.79357331424052,False
2025-08-11,22.634215659884674,3.324161709293625,63.13667095867535,73.82588019168357,False
2025-08-12,29.187542089761354,2.582565710296741,52.126313817527304,83.67994319366372,False
2025-08-13,20.47967131195832,0.0,43.58926140357228,83.43452765051805,False
2025-08-14,25.705349749386123,0.0,58.41177486878661,50.0,False
2025-08-15,21.383981387119274,0.0,63.23199253373322,50.0,False
2025-08-16,34.99717213194254,2.5754420955876176,54.21383488827024,51.22482661956785,False
2025-08-17,22.408369963200442,2.1911267638603147,54.22725724562684,50.0,False
2025-08-18,31.878755700814388,0.0,56.491325322505745,50.0,False
2025-08-19,22.064937639375216,0.0,54.25483549984104,50.0,False
2025-08-20,31.256436284214406,0.0,43.71387454031538,50.0,False
2025-08-21,29.837138025603853,4.2651401377279115,35.52659301973593,50.0,False
2025-08-22,37.88308945731974,0.0,44.737296045975086,50.0,False
2025-08-23,28.573310818792255,0.0,49.978018401446334,50.0,False
2025-08-24,30.264991885353297,0.0,60.30649354186856,50.0,False
2025-08-25,20.597593973319654,0.0,51.58951960988683,50.0,False
2025-08-26,28.63835527594903,6.463614098311559,54.576075866057714,50.72145076221515,False
2025-08-27,36.48237462589161,0.0,58.02678614250714,50.0,False
2025-08-28,31.304647931500522,0.0,52.44549138842317,80.70816771707122,False
2025-08-29,27.41906922664134,0.0,68.35427894961151,50.0,False
2025-08-30,28.921401220736442,0.0,67.70854172876112,50.0,False
2025-08-31,34.71904130716941,0.0,56.546589260664035,62.03325340810569,False
2025-09-01,27.074399611153872,0.0,61.70760382800867,50.0,False
2025-09-02,15.105646775661887,0.0,56.51514201842248,50.0,False
2025-09-03,16.364589887280513,0.0,58.213797549402315,57.124228077600904,False
2025-09-04,24.815926885051972,0.0,66.7168509662688,50.0,False
2025-09-05,25.379908980981128,2.6095170415330715,62.76314730836218,50.0,False
2025-09-06,12.895731173527487,0.0,63.48249198234962,65.1426138713503,False
2025-09-07,21.093709566731434,0.0,59.40740550132957,50.0,False
2025-09-08,18.83454569523102,0.0,73.81953743285553,53.63723897234705,False
2025-09-09,24.72684363718594,0.0,62.79428494194672,50.0,False
2025-09-10,21.286609208138803,0.0,52.90298516042391,62.027518845847396,False
2025-09-11,18.09360346965816,0.0,63.445838661512774,71.68163928866852,False
2025-09-12,25.91263013012072,0.0,72.82060228364854,114.48931135049796,False
2025-09-13,17.020001048964943,0.0,51.653171235654405,73.93086320759416,False
2025-09-14,22.21145171646848,0.0,64.81138228912644,65.37904212040624,False
2025-09-15,21.414242882792582,0.0,67.82083484062201,55.59520080532123,False
2025-09-16,19.250088579325162,3.5173477624942033,73.96185833278201,50.0,False
2025-09-17,24.08502534323044,0.0,67.9791377139205,57.35618049617799,False
2025-09-18,18.614219711548134,0.0,89.02667440299007,64.47950378157032,False
2025-09-19,28.618901797945526,0.0,61.53345933019818,57.27850610426964,False
2025-09-20,14.705933469251342,6.423986529191903,55.778540622389215,99.68303092240743,False
2025-09-21,18.6402954159212,0.0,53.29103615610384,81.0188286094753,False
2025-09-22,21.859418190795303,0.0,71.96567147997912,69.11103553813012,False
2025-09-23,17.12501987121462,0.0,62.22516245753921,86.66343764085548,False
2025-09-24,30.100993119043924,0.0,74.06813483570212,63.78375715142465,False
2025-09-25,21.946586217659693,0.0,66.35441404907087,104.96101141247556,False
2025-09-26,14.581182106317653,0.0,60.25205971675766,75.95506103820277,False
2025-09-27,17.49842578637407,3.2406315530239143,66.49801584300137,57.899506417267546,False
2025-09-28,16.65570124148518,0.0,66.7890913648852,87.65806825178124,False
2025-09-29,19.927578947476835,0.0,63.985364967550176,93.87651235226014,False
2025-09-30,18.282789182331058,0.0,46.74599472521865,92.21740046005685,False
2025-10-01,25.856776527258855,0.0,66.53852027452655,104.09958704460884,False
2025-10-02,23.331411630508637,4.415780546652614,64.39779013420986,94.55213227161092,False
2025-10-03,20.380142476700904,0.0,55.35892461214504,100.19507279233915,False
2025-10-04,17.271730569069575,4.882880782796333,67.30869351352095,80.76432312112432,False
2025-10-05,17.640809834119377,0.0,64.20839206852901,116.81875140398571,False
2025-10-06,15.184555032714194,0.0,79.92142359348001,100.72898613633967,False
2025-10-07,21.261274573046244,0.0,63.22607745864139,90.70957668983257,False
2025-10-08,15.492830990982128,0.0,69.02378736379524,92.99909940665137,False
2025-10-09,23.501826442294607,4.371649736779428,70.30608278726562,122.5711220562823,False
2025-10-10,22.709591837692912,0.0,53.79394556138163,95.85648874896403,False
2025-10-11,25.8259103721446,0.0,63.29158355420551,98.36577680055166,False
2025-10-12,22.29254256634759,0.0,71.34130623241326,95.86542453604204,False
2025-10-13,20.89921769455269,0.0,68.42184375065565,101.99266754539468,False
2025-10-14,24.459088639111968,0.0,60.6492893140549,74.19368536398846,False
2025-10-15,17.975164684309693,0.0,75.33805767656588,141.32052013252002,False
2025-10-16,17.579771881736256,0.0,67.0839112706022,112.43918958248,False
2025-10-17,17.087975814462755,0.0,67.83001856893674,97.76594331862887,False
2025-10-18,28.385313085538073,0.0,74.85090222350591,110.65801807206479,False
2025-10-19,26.474052956634445,0.0,71.1137321258896,89.0544484221738,False
2025-10-20,15.743438798614891,0.0,72.83895363951788,118.68776486258275,False
2025-10-21,29.092108025107546,0.0,64.50556486517196,163.42006361245998,False
2025-10-22,24.253072637344207,4.760563562866961,52.21049472078393,132.9841482662709,False
2025-10-23,22.54023420559025,0.0,84.16949189733778,165.10772406698334,False
2025-10-24,24.792599810147024,0.0,74.65078358540539,151.16743298320674,False
2025-10-25,24.78844542516276,0.0,76.37548948237722,145.91260532987755,False
2025-10-26,21.022522363543366,0.0,65.38478646113666,146.8821211840388,False
2025-10-27,22.263969488733423,0.0,60.3025829826382,167.02833998187992,False
2025-10-28,19.143245139833997,4.154707934889612,67.36251131266256,183.2438384340722,False
2025-10-29,16.585364674529146,0.0,58.502739759744614,147.74864837390612,False
2025-10-30,19.29276740034904,0.0,78.10660587363569,152.97618106395697,False
2025-10-31,16.0201420525306,0.0,67.37959833439878,148.29542428696428,False
2025-11-01,15.627767670628714,0.0,59.81467959141821,152.28031813586819,False
2025-11-02,25.84737682029454,3.947888161809243,61.51962616292914,151.935850436947,False
2025-11-03,15.62144568832417,0.0,63.27855471488221,173.10428324664082,False
2025-11-04,18.73929435167366,0.0,68.93847328753802,138.8106081104946,False
2025-11-05,16.256861744237863,0.0,70.91133460476355,198.29586883339485,False
2025-11-06,23.620901034218935,7.923021065931173,52.747453375908506,197.40995006556028,False
2025-11-07,24.497413885372016,0.0,73.56950271849166,174.13193235180714,False
2025-11-08,16.95833879471698,0.0,68.38225617536972,192.9863360905354,False
2025-11-09,19.941353622854304,6.944706996293149,64.34927482026721,163.0824273449125,False
2025-11-10,17.718307111529818,0.0,68.27661646660873,203.2767400043737,False
2025-11-11,17.89740373060279,0.0,67.63782506159085,149.5628618031225,False
2025-11-12,22.610827450999427,6.537949789731618,58.74144664476458,170.4604431024796,False
2025-11-13,19.492136962305736,6.546290105346806,59.501656620202084,164.6463641628863,False
2025-11-14,13.795897243860647,0.0,64.46977954996453,189.24153972035742,False
2025-11-15,24.270326239066282,0.0,62.785843850824996,196.5867678533748,False
2025-11-16,25.41686871108308,0.0,78.6564636613806,183.53544327333984,False
2025-11-17,22.204165065244048,0.0,68.45852307454817,161.70033461757086,False
2025-11-18,20.47293073562052,9.418607809992109,66.35844485577816,223.35035747669963,False
2025-11-19,20.038711142972993,0.0,56.06936969819493,162.26213506902735,False
2025-11-20,18.124177276624515,4.2379250923904355,66.68410943834267,227.2057572313401,True
2025-11-21,19.88194453802622,4.451045665864646,73.4413740947561,214.4645038804296,True
2025-11-22,24.654693445345323,0.0,76.3141794450824,210.57428635120388,True
2025-11-23,20.194703098145993,4.003108203125282,66.72224340808368,173.35401805597988,True
2025-11-24,25.02754116845457,6.733815808980773,66.69020417864957,236.1375505651728,True
2025-11-25,24.424650899011016,0.0,61.358696016371184,233.5416404984656,True
2025-11-26,20.084978247227674,0.0,62.79460976303977,267.80797389680913,True
2025-11-27,20.890884617412045,4.936274275007759,56.55202881156829,185.03218407838807,True
2025-11-28,30.068126772934118,0.0,64.24149141899842,203.06887451287886,True
2025-11-29,16.07853031236554,0.0,59.754054161143124,224.13491349685356,True
2025-11-30,28.496307023669544,0.0,60.54690706429969,245.6779853385426,True
2025-12-01,18.07132003368758,0.0,72.6034362541284,216.30082392491298,True
2025-12-02,7.79524830132494,0.0,75.96204045692141,183.9575112712058,True
2025-12-03,15.082680419322484,0.0,82.22960514859798,205.8738408471905,True
2025-12-04,6.6960068505709724,0.0,67.62531495589778,252.1050608878268,True
2025-12-05,10.017843825197993,5.179391930154914,82.27427509212865,246.60510804671094,True
2025-12-06,8.787084691287838,0.0,79.21910711299431,231.21878820681124,True
2025-12-07,7.941128107735398,4.346734982005135,88.71337435551625,289.34573201376065,True
2025-12-08,9.461626315069058,0.0,71.92147734872243,254.70307259221315,True
2025-12-09,7.298132937779572,0.0,83.84720481259725,281.00099306892565,True
2025-12-10,17.050937645507194,0.0,75.24793295653822,253.00545813055473,True
2025-12-11,16.033740257237675,0.0,85.35278768121528,269.33195970524355,True
2025-12-12,14.174565381489382,0.0,65.73004587943159,244.911074794532,True
2025-12-13,17.76610856653219,5.2345859678034525,80.65200181476861,256.4655184435965,True
2025-12-14,7.576181123743872,0.0,77.58946422646349,262.1146019636918,True
2025-12-15,18.633945630900417,0.0,65.94212825245161,206.76017561429126,True
2025-12-16,10.11498140319239,0.0,76.05498527013015,241.61677193282728,True
2025-12-17,12.442484638421263,0.0,61.870432993249246,285.4173992196231,True
2025-12-18,10.835711343707334,0.0,66.30963482499962,278.0196494589575,True
2025-12-19,15.967121237247532,0.0,72.74894472681751,250.66220800551218,True
